JobID,Timestamp,Pod5,CanBAM,Motif,ModNum,ModBAM,GType,Plot,Train,Infer,Model
36930093,20250412_215411,/project/romano_shared/telomeres/data/Minion_8/pod5,/project/romano_shared/telomeres/data/Minion_8/BAM/SQK-NBD114-24_barcode14.bam,TTAGGG,0,/project/romano_shared/telomeres/data/Minion_8/BAM/SQK-NBD114-24_barcode11.bam,G29,no_plot,train,no_infer,no_model
36931175,20250412_230501,/project/romano_shared/telomeres/data/Minion_8/pod5,/project/romano_shared/telomeres/data/Minion_8/BAM/SQK-NBD114-24_barcode14.bam,TTAGGG,0,/project/romano_shared/telomeres/data/Minion_8/BAM/SQK-NBD114-24_barcode11.bam,G29,no_plot,train,no_infer,no_model
36931112,20250412_231913,/project/romano_shared/telomeres/data/Minion_8/pod5,/project/romano_shared/telomeres/data/Minion_8/BAM/SQK-NBD114-24_barcode14.bam,TTAGGG,0,/project/romano_shared/telomeres/data/Minion_8/BAM/SQK-NBD114-24_barcode11.bam,G29,no_plot,train,no_infer,no_model
36931202,20250412_232200,/project/romano_shared/telomeres/data/Minion_8/pod5,/project/romano_shared/telomeres/data/Minion_8/BAM/SQK-NBD114-24_barcode14.bam,TTAGGG,0,/project/romano_shared/telomeres/data/Minion_8/BAM/SQK-NBD114-24_barcode11.bam,G29,no_plot,train,no_infer,no_model
36931210,20250412_233129,/project/romano_shared/telomeres/data/Minion_8/pod5,/project/romano_shared/telomeres/data/Minion_8/BAM/SQK-NBD114-24_barcode14.bam,TTAGGG,0,/project/romano_shared/telomeres/data/Minion_8/BAM/SQK-NBD114-24_barcode11.bam,G29,no_plot,train,no_infer,no_model
36932233,20250413_001353,/project/romano_shared/telomeres/data/Minion_8/pod5,/project/romano_shared/telomeres/data/Minion_8/BAM/SQK-NBD114-24_barcode14.bam,TTAGGG,0,/project/romano_shared/telomeres/data/Minion_8/BAM/SQK-NBD114-24_barcode11.bam,G29,no_plot,train,no_infer,no_model
36932300,20250413_011911,/project/romano_shared/telomeres/data/Minion_8/pod5,/project/romano_shared/telomeres/data/Minion_8/BAM/SQK-NBD114-24_barcode14.bam,TTAGGG,0,/project/romano_shared/telomeres/data/Minion_8/BAM/SQK-NBD114-24_barcode11.bam,G29,no_plot,train,no_infer,no_model
36933310,20250413_021706,/project/romano_shared/telomeres/data/Minion_8/pod5,/project/romano_shared/telomeres/data/Minion_8/BAM/SQK-NBD114-24_barcode14.bam,TTAGGG,0,/project/romano_shared/telomeres/data/Minion_8/BAM/SQK-NBD114-24_barcode11.bam,G29,no_plot,train,no_infer,no_model
36933713,20250413_123332,/project/romano_shared/telomeres/data/Minion_8/pod5,/project/romano_shared/telomeres/data/Minion_8/BAM/SQK-NBD114-24_barcode14.bam,TTAGGG,3,/project/romano_shared/telomeres/data/Minion_8/BAM/SQK-NBD114-24_barcode11.bam,G29,no_plot,train,no_infer,no_model
36934860,20250413_212010,/project/romano_shared/telomeres/data/Flongle_67/pod5,/project/romano_shared/telomeres/data/Flongle_67/Flongle_67_demuxed_calls/SQK-NBD114-24_barcode14.bam,TTAGGG,0,/project/romano_shared/telomeres/data/Flongle_67/Flongle_67_demuxed_calls/SQK-NBD114-24_barcode21.bam,G29,no_plot,no_train,infer,train_results/model_best.pt
36934863,20250413_212551,/project/romano_shared/telomeres/data/Flongle_67/pod5,/project/romano_shared/telomeres/data/Flongle_67/Flongle_67_demuxed_calls/SQK-NBD114-24_barcode14.bam,TTAGGG,0,/project/romano_shared/telomeres/data/Flongle_67/Flongle_67_demuxed_calls/SQK-NBD114-24_barcode21.bam,G29,no_plot,no_train,infer,train_results/model_best.pt
36934866,20250413_212704,/project/romano_shared/telomeres/data/Flongle_67/pod5,/project/romano_shared/telomeres/data/Flongle_67/Flongle_67_demuxed_calls/SQK-NBD114-24_barcode14.bam,TTAGGG,0,/project/romano_shared/telomeres/data/Flongle_67/Flongle_67_demuxed_calls/SQK-NBD114-24_barcode21.bam,G29,no_plot,no_train,infer,train_results/model_best.pt
36934868,20250413_212941,/project/romano_shared/telomeres/data/Flongle_67/pod5,/project/romano_shared/telomeres/data/Flongle_67/Flongle_67_demuxed_calls/SQK-NBD114-24_barcode14.bam,TTAGGG,0,/project/romano_shared/telomeres/data/Flongle_67/Flongle_67_demuxed_calls/SQK-NBD114-24_barcode21.bam,G29,no_plot,no_train,infer,train_results/model_best.pt
36992693,20250416_144400,/project/romano_shared/telomeres/data/Flongle_67/pod5,/project/romano_shared/telomeres/data/Flongle_67/Flongle_67_demuxed_calls/SQK-NBD114-24_barcode14.bam,TTAGGG,3,/project/romano_shared/telomeres/data/Flongle_67/Flongle_67_demuxed_calls/SQK-NBD114-24_barcode21.bam,G29,no_plot,no_train,infer,train_results/model_best.pt
36992711,20250416_150629,/project/romano_shared/telomeres/data/Flongle_67/pod5,/project/romano_shared/telomeres/data/Flongle_67/Flongle_67_demuxed_calls/SQK-NBD114-24_barcode14.bam,TTAGGG,3,/project/romano_shared/telomeres/data/Flongle_67/Flongle_67_demuxed_calls/SQK-NBD114-24_barcode15.bam,G35,no_plot,no_train,infer,train_results/model_best.pt
36992728,20250416_152826,/project/romano_shared/telomeres/data/Flongle_67/pod5,/project/romano_shared/telomeres/data/Flongle_67/Flongle_67_demuxed_calls/SQK-NBD114-24_barcode14.bam,TTAGGG,3,/project/romano_shared/telomeres/data/Flongle_67/Flongle_67_demuxed_calls/SQK-NBD114-24_barcode15.bam,G35,no_plot,no_train,infer,train_results/model_best.pt
36992903,20250416_155135,/project/romano_shared/telomeres/data/Flongle_67/pod5,/project/romano_shared/telomeres/data/Flongle_67/Flongle_67_demuxed_calls/SQK-NBD114-24_barcode14.bam,TTAGGG,3,/project/romano_shared/telomeres/data/Flongle_67/Flongle_67_demuxed_calls/SQK-NBD114-24_barcode15.bam,G35,no_plot,no_train,infer,train_results/model_best.pt
36992917,20250416_161812,/project/romano_shared/telomeres/data/Minion_8/pod5,/project/romano_shared/telomeres/data/Minion_8/BAM/SQK-NBD114-24_barcode14.bam,TTAGGG,3,/project/romano_shared/telomeres/data/Minion_8/BAM/SQK-NBD114-24_barcode11.bam,G29,no_plot,train,no_infer,no_model
36992921,20250416_162106,/project/romano_shared/telomeres/data/Minion_8/pod5,/project/romano_shared/telomeres/data/Minion_8/BAM/SQK-NBD114-24_barcode14.bam,TTAGGG,3,/project/romano_shared/telomeres/data/Minion_8/BAM/SQK-NBD114-24_barcode11.bam,G29,no_plot,train,no_infer,no_model
36995521,20250416_235927,/project/romano_shared/telomeres/data/Flongle_67/pod5,/project/romano_shared/telomeres/data/Flongle_67/Flongle_67_demuxed_calls/SQK-NBD114-24_barcode14.bam,TTAGGG,3,/project/romano_shared/telomeres/data/Flongle_67/Flongle_67_demuxed_calls/SQK-NBD114-24_barcode21.bam,G29,no_plot,no_train,infer,train_results/model_best.pt
37008213,20250418_125144,/project/romano_shared/telomeres/data/Flongle_67/pod5,/project/romano_shared/telomeres/data/Flongle_67/Flongle_67_demuxed_calls/SQK-NBD114-24_barcode14.bam,TTAGGG,3,/project/romano_shared/telomeres/data/Flongle_67/Flongle_67_demuxed_calls/SQK-NBD114-24_barcode15.bam,G35,no_plot,no_train,infer,train_results/model_best.pt
37010152,20250418_144836,/project/romano_shared/telomeres/data/flg64/pod5,/project/romano_shared/telomeres/data/flg64/flg64_q8.bam_demuxed/730bb123-5334-42d3-9fd2-7ada7257d1d2_SQK-NBD114-24_barcode11.bam,TTAGGG,3,/project/romano_shared/telomeres/data/flg64/flg64_q8.bam_demuxed/730bb123-5334-42d3-9fd2-7ada7257d1d2_SQK-NBD114-24_barcode14.bam,G29,no_plot,no_train,infer,train_results/model_best.pt
37010621,20250418_165037,/project/romano_shared/telomeres/data/Minion_8/pod5,/project/romano_shared/telomeres/data/Minion_8/minion8_q12.bam_filteredmapq60/f4de4fc2-4039-4481-88c0-1f94400bd5e3_SQK-NBD114-24_barcode14.bam_mapq60_filtered.bam,TTAGGG,3,/project/romano_shared/telomeres/data/Minion_8/minion8_q12.bam_filteredmapq60/f4de4fc2-4039-4481-88c0-1f94400bd5e3_SQK-NBD114-24_barcode11.bam_mapq60_filtered.bam,G29,no_plot,train,no_infer,no_model
37010693,20250418_173027,/project/romano_shared/telomeres/data/Minion_8/pod5,/project/romano_shared/telomeres/data/Minion_8/minion8_q12.bam_filteredmapq60/f4de4fc2-4039-4481-88c0-1f94400bd5e3_SQK-NBD114-24_barcode14.bam,TTAGGG,3,/project/romano_shared/telomeres/data/Minion_8/minion8_q12.bam_filteredmapq60/f4de4fc2-4039-4481-88c0-1f94400bd5e3_SQK-NBD114-24_barcode11.bam,G29,no_plot,train,no_infer,no_model
37052888,20250423_141416,/project/romano_shared/telomeres/data/Minion_8/pod5,/project/romano_shared/telomeres/data/Minion_8/minion_8_q9_mapq_60demuxed_calls/SQK-NBD114-24_barcode14.bam,TTAGGG,3,/project/romano_shared/telomeres/data/Minion_8/minion_8_q9_mapq_60demuxed_calls/SQK-NBD114-24_barcode11.bam,G29,no_plot,train,no_infer,no_model
37153084,20250429_235213,/project/romano_shared/telomeres/data/Minion_8/pod5,/project/romano_shared/telomeres/data/testing/plotting/minion8_q9/mapq60/g29/SQK-NBD114-24_barcode14.bam,TTAGGG,3,/project/romano_shared/telomeres/data/testing/plotting/minion8_q9/mapq60/g29/SQK-NBD114-24_barcode11.bam,G29,plot,no_train,no_infer,no_model
37153111,20250430_002746,/project/romano_shared/telomeres/data/Minion_8/pod5,/project/romano_shared/telomeres/data/testing/plotting/minion8_q9/mapq60/g30/SQK-NBD114-24_barcode14.bam,TTAGGG,4,/project/romano_shared/telomeres/data/testing/plotting/minion8_q9/mapq60/g30/SQK-NBD114-24_barcode12.bam,G30,plot,no_train,no_infer,no_model
37156929,20250430_005143,/project/romano_shared/telomeres/data/Minion_8/pod5,/project/romano_shared/telomeres/data/testing/plotting/minion8_q9/mapq60/g31/SQK-NBD114-24_barcode14.bam,TTAGGG,5,/project/romano_shared/telomeres/data/testing/plotting/minion8_q9/mapq60/g31/SQK-NBD114-24_barcode13.bam,G31,plot,no_train,no_infer,no_model
38215375,20250602_122850,/project/romano_shared/telomeres/data/Minion_8/pod5,/project/romano_shared/telomeres/data/testing/plotting/minion8_q9/mapq60/g31/SQK-NBD114-24_barcode14.bam,TTAGGG,5,/project/romano_shared/telomeres/data/testing/plotting/minion8_q9/mapq60/g31/SQK-NBD114-24_barcode13.bam,G31,plot,no_train,no_infer,no_model
38215467,20250602_123354,/project/romano_shared/telomeres/data/Minion_8/pod5,/project/romano_shared/telomeres/data/testing/plotting/minion8_q9/mapq60/g31/SQK-NBD114-24_barcode14.bam,TTAGGG,5,/project/romano_shared/telomeres/data/testing/plotting/minion8_q9/mapq60/g31/SQK-NBD114-24_barcode13.bam,G31,plot,no_train,no_infer,no_model
38215470,20250602_123709,/project/romano_shared/telomeres/data/Minion_8/pod5,/project/romano_shared/telomeres/data/testing/plotting/minion8_q9/mapq60/g31/SQK-NBD114-24_barcode14.bam,TTAGGG,5,/project/romano_shared/telomeres/data/testing/plotting/minion8_q9/mapq60/g31/SQK-NBD114-24_barcode13.bam,G31,plot,no_train,no_infer,no_model
38215474,20250602_123919,/project/romano_shared/telomeres/data/Minion_8/pod5,/project/romano_shared/telomeres/data/testing/plotting/minion8_q9/mapq60/g31/SQK-NBD114-24_barcode14.bam,TTAGGG,5,/project/romano_shared/telomeres/data/testing/plotting/minion8_q9/mapq60/g31/SQK-NBD114-24_barcode13.bam,G31,plot,no_train,no_infer,no_model
38215484,20250602_125131,/project/romano_shared/telomeres/data/Minion_8/pod5,/project/romano_shared/telomeres/data/testing/plotting/minion8_q9/mapq60/g31/SQK-NBD114-24_barcode14.bam,TTAGGG,5,/project/romano_shared/telomeres/data/testing/plotting/minion8_q9/mapq60/g31/SQK-NBD114-24_barcode13.bam,G31,plot,no_train,no_infer,no_model
38215560,20250602_125639,/project/romano_shared/telomeres/data/Minion_8/pod5,/project/romano_shared/telomeres/data/testing/plotting/minion8_q9/mapq60/g31/SQK-NBD114-24_barcode14.bam,TTAGGG,5,/project/romano_shared/telomeres/data/testing/plotting/minion8_q9/mapq60/g31/SQK-NBD114-24_barcode13.bam,G31,plot,no_train,no_infer,no_model
38215872,20250602_143620,/project/romano_shared/telomeres/data/Minion_8/pod5,/project/romano_shared/telomeres/data/testing/plotting/minion8_q9/mapq60/g31/SQK-NBD114-24_barcode14.bam,TTAGGG,5,/project/romano_shared/telomeres/data/testing/plotting/minion8_q9/mapq60/g31/SQK-NBD114-24_barcode13.bam,G31,plot,no_train,no_infer,no_model
38221782,20250603_102126,/project/romano_shared/telomeres/data/Minion_8/pod5,/project/romano_shared/telomeres/data/testing/plotting/minion8_q9/mapq60/g31/SQK-NBD114-24_barcode14.bam,TTAGGG,5,/project/romano_shared/telomeres/data/testing/plotting/minion8_q9/mapq60/g31/SQK-NBD114-24_barcode13.bam,G31,plot,no_train,no_infer,no_model
38221794,20250603_103901,/project/romano_shared/telomeres/data/Minion_8/pod5,/project/romano_shared/telomeres/data/testing/plotting/minion8_q9/mapq60/g31/SQK-NBD114-24_barcode14.bam,TTAGGG,5,/project/romano_shared/telomeres/data/testing/plotting/minion8_q9/mapq60/g31/SQK-NBD114-24_barcode13.bam,G31,plot,no_train,no_infer,no_model
38222967,20250603_134230,/project/romano_shared/telomeres/data/Minion_8/pod5,/project/romano_shared/telomeres/data/testing/plotting/minion8_q9/mapq60/g31/SQK-NBD114-24_barcode14.bam,TTAGGG,5,/project/romano_shared/telomeres/data/testing/plotting/minion8_q9/mapq60/g31/SQK-NBD114-24_barcode13.bam,G31,plot,no_train,no_infer,no_model
38223072,20250603_135453,/project/romano_shared/telomeres/data/Minion_8/pod5,/project/romano_shared/telomeres/data/testing/plotting/minion8_q9/mapq60/g31/SQK-NBD114-24_barcode14.bam,TTAGGG,5,/project/romano_shared/telomeres/data/testing/plotting/minion8_q9/mapq60/g31/SQK-NBD114-24_barcode13.bam,G31,plot,no_train,no_infer,no_model
38223075,20250603_135653,/project/romano_shared/telomeres/data/Minion_8/pod5,/project/romano_shared/telomeres/data/testing/plotting/minion8_q9/mapq60/g31/SQK-NBD114-24_barcode14.bam,TTAGGG,5,/project/romano_shared/telomeres/data/testing/plotting/minion8_q9/mapq60/g31/SQK-NBD114-24_barcode13.bam,G31,plot,no_train,no_infer,no_model
38223688,20250603_144817,/project/romano_shared/telomeres/data/Minion_8/pod5,/project/romano_shared/telomeres/data/testing/plotting/minion8_q9/mapq60/g31/SQK-NBD114-24_barcode14.bam,TTAGGG,5,/project/romano_shared/telomeres/data/testing/plotting/minion8_q9/mapq60/g31/SQK-NBD114-24_barcode13.bam,G31,plot,no_train,no_infer,no_model
38223691,20250603_144903,/project/romano_shared/telomeres/data/Minion_8/pod5,/project/romano_shared/telomeres/data/testing/plotting/minion8_q9/mapq60/g31/SQK-NBD114-24_barcode14.bam,TTAGGG,5,/project/romano_shared/telomeres/data/testing/plotting/minion8_q9/mapq60/g31/SQK-NBD114-24_barcode13.bam,G31,plot,no_train,no_infer,no_model
38251774,20250604_121734,/project/romano_shared/telomeres/data/Minion_8/pod5,/project/romano_shared/telomeres/data/testing/plotting/minion8_q9/mapq60/g31/SQK-NBD114-24_barcode14.bam,TTAGGG,5,/project/romano_shared/telomeres/data/testing/plotting/minion8_q9/mapq60/g31/SQK-NBD114-24_barcode13.bam,G31,plot,no_train,no_infer,no_model
38254101,20250604_151839,/project/romano_shared/telomeres/data/Minion_8/pod5,/project/romano_shared/telomeres/data/testing/plotting/minion8_q9/mapq60/g31/SQK-NBD114-24_barcode14.bam,TTAGGG,5,/project/romano_shared/telomeres/data/testing/plotting/minion8_q9/mapq60/g31/SQK-NBD114-24_barcode13.bam,G31,plot,no_train,no_infer,no_model
38254117,20250604_152159,/project/romano_shared/telomeres/data/Minion_8/pod5,/project/romano_shared/telomeres/data/testing/plotting/minion8_q9/mapq60/g31/SQK-NBD114-24_barcode14.bam,TTAGGG,5,/project/romano_shared/telomeres/data/testing/plotting/minion8_q9/mapq60/g31/SQK-NBD114-24_barcode13.bam,G31,plot,no_train,no_infer,no_model
38357506,20250607_002540,/project/romano_shared/telomeres/data/Minion_8/pod5,/project/romano_shared/telomeres/data/testing/plotting/minion8_q9/mapq60/g31/SQK-NBD114-24_barcode14.bam,TTAGGG,5,/project/romano_shared/telomeres/data/testing/plotting/minion8_q9/mapq60/g31/SQK-NBD114-24_barcode13.bam,G31,plot,no_train,no_infer,no_model
38380845,20250609_103245,/project/romano_shared/telomeres/data/Minion_8/pod5,/project/romano_shared/telomeres/data/testing/plotting/minion8_q9/mapq60/g31/SQK-NBD114-24_barcode14.bam,TTAGGG,5,/project/romano_shared/telomeres/data/testing/plotting/minion8_q9/mapq60/g31/SQK-NBD114-24_barcode13.bam,G31,plot,no_train,no_infer,no_model
38380851,20250609_103606,/project/romano_shared/telomeres/data/Minion_8/pod5,/project/romano_shared/telomeres/data/testing/plotting/minion8_q9/mapq60/g31/SQK-NBD114-24_barcode14.bam,TTAGGG,5,/project/romano_shared/telomeres/data/testing/plotting/minion8_q9/mapq60/g31/SQK-NBD114-24_barcode13.bam,G31,plot,no_train,no_infer,no_model
38380866,20250609_105024,/project/romano_shared/telomeres/data/Minion_8/pod5,/project/romano_shared/telomeres/data/testing/plotting/minion8_q9/mapq60/g31/SQK-NBD114-24_barcode14.bam,TTAGGG,5,/project/romano_shared/telomeres/data/testing/plotting/minion8_q9/mapq60/g31/SQK-NBD114-24_barcode13.bam,G31,plot,no_train,no_infer,no_model
38380867,20250609_105101,/project/romano_shared/telomeres/data/Minion_8/pod5,/project/romano_shared/telomeres/data/testing/plotting/minion8_q9/mapq60/g31/SQK-NBD114-24_barcode14.bam,TTAGGG,5,/project/romano_shared/telomeres/data/testing/plotting/minion8_q9/mapq60/g31/SQK-NBD114-24_barcode13.bam,G31,plot,no_train,no_infer,no_model
38381047,20250609_105240,/project/romano_shared/telomeres/data/Minion_8/pod5,/project/romano_shared/telomeres/data/testing/plotting/minion8_q9/mapq60/g31/SQK-NBD114-24_barcode14.bam,TTAGGG,5,/project/romano_shared/telomeres/data/testing/plotting/minion8_q9/mapq60/g31/SQK-NBD114-24_barcode13.bam,G31,plot,no_train,no_infer,no_model
38381552,20250609_105400,/project/romano_shared/telomeres/data/Minion_8/pod5,/project/romano_shared/telomeres/data/testing/plotting/minion8_q9/mapq60/g31/SQK-NBD114-24_barcode14.bam,TTAGGG,5,/project/romano_shared/telomeres/data/testing/plotting/minion8_q9/mapq60/g31/SQK-NBD114-24_barcode13.bam,G31,plot,no_train,no_infer,no_model
38381752,20250609_105431,/project/romano_shared/telomeres/data/Minion_8/pod5,/project/romano_shared/telomeres/data/testing/plotting/minion8_q9/mapq60/g31/SQK-NBD114-24_barcode14.bam,TTAGGG,5,/project/romano_shared/telomeres/data/testing/plotting/minion8_q9/mapq60/g31/SQK-NBD114-24_barcode13.bam,G31,plot,no_train,no_infer,no_model
38382084,20250609_105520,/project/romano_shared/telomeres/data/Minion_8/pod5,/project/romano_shared/telomeres/data/testing/plotting/minion8_q9/mapq60/g31/SQK-NBD114-24_barcode14.bam,TTAGGG,5,/project/romano_shared/telomeres/data/testing/plotting/minion8_q9/mapq60/g31/SQK-NBD114-24_barcode13.bam,G31,plot,no_train,no_infer,no_model
38383946,20250609_105958,/project/romano_shared/telomeres/data/Minion_8/pod5,/project/romano_shared/telomeres/data/testing/plotting/minion8_q9/mapq60/g31/SQK-NBD114-24_barcode14.bam,TTAGGG,5,/project/romano_shared/telomeres/data/testing/plotting/minion8_q9/mapq60/g31/SQK-NBD114-24_barcode13.bam,G31,plot,no_train,no_infer,no_model
